"Status","Start Time","Stop Time","Duration in ms","Parent Suite","Suite","Sub Suite","Test Class","Test Method","Name","Description"
"passed","Sun Sep 27 17:59:31 UTC 2026","Sun Sep 27 17:59:32 UTC 2026","446","Web Playwright Java Framework Test Suite","All Example Tests","io.github.mypixelquest.pja.examples.ScreenshotAndReportingTest","io.github.mypixelquest.pja.examples.ScreenshotAndReportingTest","testWithSteps","Test with step annotations for reporting","Demonstrates Allure step annotations for detailed reporting"
"passed","Sun Sep 27 17:59:31 UTC 2026","Sun Sep 27 17:59:31 UTC 2026","61","Web Playwright Java Framework Test Suite","All Example Tests","io.github.mypixelquest.pja.examples.TestDataManagementTest","io.github.mypixelquest.pja.examples.TestDataManagementTest","testDynamicDataGeneration","Demonstrate dynamic data generation","Generates and uses dynamic test data"
"passed","Sun Sep 27 17:59:31 UTC 2026","Sun Sep 27 17:59:31 UTC 2026","19","Web Playwright Java Framework Test Suite","All Example Tests","io.github.mypixelquest.pja.examples.TestDataManagementTest","io.github.mypixelquest.pja.examples.TestDataManagementTest","testCsvDataLoading","Demonstrate CSV data loading","Loads and uses data from CSV files"
"passed","Sun Sep 27 17:59:28 UTC 2026","Sun Sep 27 17:59:31 UTC 2026","2543","Web Playwright Java Framework Test Suite","All Example Tests","io.github.mypixelquest.pja.examples.PlaywrightDocsNavigationTest","io.github.mypixelquest.pja.examples.PlaywrightDocsNavigationTest","testToolsNavigation","Navigate to Playwright tools","Navigates to various Playwright tools (Codegen, Inspector, Trace Viewer)"
"passed","Sun Sep 27 17:59:25 UTC 2026","Sun Sep 27 17:59:25 UTC 2026","189","Web Playwright Java Framework Test Suite","All Example Tests","io.github.mypixelquest.pja.examples.ParallelExecutionTest","io.github.mypixelquest.pja.examples.ParallelExecutionTest","parallelTest2","Parallel test 2 - Navigate to different page","Second parallel test demonstrating thread-safe execution"
"passed","Sun Sep 27 17:59:25 UTC 2026","Sun Sep 27 17:59:27 UTC 2026","1855","Web Playwright Java Framework Test Suite","All Example Tests","io.github.mypixelquest.pja.examples.PlaywrightDocsNavigationTest","io.github.mypixelquest.pja.examples.PlaywrightDocsNavigationTest","testHomePageNavigation","Verify homepage navigation and Get Started button","Navigates to the homepage and clicks the Get Started button"
"passed","Sun Sep 27 17:59:19 UTC 2026","Sun Sep 27 17:59:20 UTC 2026","1104","Web Playwright Java Framework Test Suite","All Example Tests","io.github.mypixelquest.pja.examples.DataDrivenTest","io.github.mypixelquest.pja.examples.DataDrivenTest","testWithJsonData","Data-driven test using JSON data","Loads test data from JSON and uses it in test"
"passed","Sun Sep 27 17:59:27 UTC 2026","Sun Sep 27 17:59:27 UTC 2026","731","Web Playwright Java Framework Test Suite","All Example Tests","io.github.mypixelquest.pja.examples.PlaywrightDocsNavigationTest","io.github.mypixelquest.pja.examples.PlaywrightDocsNavigationTest","testJavaDocumentation","Navigate to Java documentation","Navigates to Java-specific documentation and verifies the URL"
"passed","Sun Sep 27 17:59:21 UTC 2026","Sun Sep 27 17:59:23 UTC 2026","1632","Web Playwright Java Framework Test Suite","All Example Tests","io.github.mypixelquest.pja.examples.FormInteractionTest","io.github.mypixelquest.pja.examples.FormInteractionTest","testFormSubmission","Test form submission","Demonstrates filling and submitting a form"
"passed","Sun Sep 27 17:59:21 UTC 2026","Sun Sep 27 17:59:22 UTC 2026","1100","Web Playwright Java Framework Test Suite","All Example Tests","io.github.mypixelquest.pja.examples.MultiBrowserTest","io.github.mypixelquest.pja.examples.MultiBrowserTest","testCrossBrowserElementInteraction","Test element interaction across browsers","Demonstrates element interaction works consistently across browsers"
"passed","Sun Sep 27 17:59:25 UTC 2026","Sun Sep 27 17:59:26 UTC 2026","586","Web Playwright Java Framework Test Suite","All Example Tests","io.github.mypixelquest.pja.examples.ParallelExecutionTest","io.github.mypixelquest.pja.examples.ParallelExecutionTest","parallelTest3","Parallel test 3 - Verify URL navigation","Third parallel test demonstrating thread-safe execution"
"passed","Sun Sep 27 17:59:27 UTC 2026","Sun Sep 27 17:59:28 UTC 2026","1622","Web Playwright Java Framework Test Suite","All Example Tests","io.github.mypixelquest.pja.examples.PlaywrightDocsNavigationTest","io.github.mypixelquest.pja.examples.PlaywrightDocsNavigationTest","testSearch","Verify search functionality","Opens search dialog and verifies it's visible"
"passed","Sun Sep 27 17:59:19 UTC 2026","Sun Sep 27 17:59:19 UTC 2026","464","Web Playwright Java Framework Test Suite","All Example Tests","io.github.mypixelquest.pja.examples.DataDrivenTest","io.github.mypixelquest.pja.examples.DataDrivenTest","testWithYamlData","Data-driven test using YAML data","Loads test data from YAML and uses it in test"
"passed","Sun Sep 27 17:59:32 UTC 2026","Sun Sep 27 17:59:32 UTC 2026","380","Web Playwright Java Framework Test Suite","All Example Tests","io.github.mypixelquest.pja.examples.WaitStrategiesTest","io.github.mypixelquest.pja.examples.WaitStrategiesTest","testCustomTimeout","Demonstrate wait for timeout","Shows custom timeout configuration"
"passed","Sun Sep 27 17:59:33 UTC 2026","Sun Sep 27 17:59:33 UTC 2026","277","Web Playwright Java Framework Test Suite","All Example Tests","io.github.mypixelquest.pja.examples.WaitStrategiesTest","io.github.mypixelquest.pja.examples.WaitStrategiesTest","testWaitForSelectorState","Demonstrate wait for selector state","Shows waiting for specific selector states"
"passed","Sun Sep 27 17:59:19 UTC 2026","Sun Sep 27 17:59:20 UTC 2026","1209","Web Playwright Java Framework Test Suite","All Example Tests","io.github.mypixelquest.pja.examples.DataDrivenTest","io.github.mypixelquest.pja.examples.DataDrivenTest","testWithCsvData","Data-driven test using CSV data","Loads test data from CSV and uses it in test"
"passed","Sun Sep 27 17:59:31 UTC 2026","Sun Sep 27 17:59:31 UTC 2026","2","Web Playwright Java Framework Test Suite","All Example Tests","io.github.mypixelquest.pja.examples.TestDataManagementTest","io.github.mypixelquest.pja.examples.TestDataManagementTest","testJsonDataLoading","Demonstrate JSON data loading","Loads and uses data from JSON files"
"passed","Sun Sep 27 17:59:22 UTC 2026","Sun Sep 27 17:59:23 UTC 2026","1741","Web Playwright Java Framework Test Suite","All Example Tests","io.github.mypixelquest.pja.examples.FormInteractionTest","io.github.mypixelquest.pja.examples.FormInteractionTest","testFormFieldInteractions","Test form field interactions","Demonstrates various form field interactions"
"passed","Sun Sep 27 17:59:33 UTC 2026","Sun Sep 27 17:59:33 UTC 2026","222","Web Playwright Java Framework Test Suite","All Example Tests","io.github.mypixelquest.pja.examples.WaitStrategiesTest","io.github.mypixelquest.pja.examples.WaitStrategiesTest","testExplicitWaitForNavigation","Demonstrate explicit wait for navigation","Shows explicit wait for page navigation"
"passed","Sun Sep 27 17:59:24 UTC 2026","Sun Sep 27 17:59:24 UTC 2026","194","Web Playwright Java Framework Test Suite","All Example Tests","io.github.mypixelquest.pja.examples.ParallelExecutionTest","io.github.mypixelquest.pja.examples.ParallelExecutionTest","parallelTest1","Parallel test 1 - Navigate to Playwright docs","First parallel test demonstrating thread-safe execution"
"passed","Sun Sep 27 17:59:31 UTC 2026","Sun Sep 27 17:59:31 UTC 2026","1","Web Playwright Java Framework Test Suite","All Example Tests","io.github.mypixelquest.pja.examples.TestDataManagementTest","io.github.mypixelquest.pja.examples.TestDataManagementTest","testYamlDataLoading","Demonstrate YAML data loading","Loads and uses data from YAML files"
"passed","Sun Sep 27 17:59:23 UTC 2026","Sun Sep 27 17:59:24 UTC 2026","321","Web Playwright Java Framework Test Suite","All Example Tests","io.github.mypixelquest.pja.examples.MultiBrowserTest","io.github.mypixelquest.pja.examples.MultiBrowserTest","testCrossBrowserNavigation","Test navigation across different browsers","Demonstrates that the same test can run on Chromium, Firefox, or WebKit"
"passed","Sun Sep 27 17:59:30 UTC 2026","Sun Sep 27 17:59:30 UTC 2026","379","Web Playwright Java Framework Test Suite","All Example Tests","io.github.mypixelquest.pja.examples.RetryMechanismTest","io.github.mypixelquest.pja.examples.RetryMechanismTest","testWithoutRetry","Test that always passes - no retry needed","Demonstrates normal test execution without retries"
"passed","Sun Sep 27 17:59:28 UTC 2026","Sun Sep 27 17:59:28 UTC 2026","356","Web Playwright Java Framework Test Suite","All Example Tests","io.github.mypixelquest.pja.examples.RetryMechanismTest","io.github.mypixelquest.pja.examples.RetryMechanismTest","testWithRetryCapability","Test that demonstrates retry on failure","This test may fail initially but will retry based on configuration"
"passed","Sun Sep 27 17:59:30 UTC 2026","Sun Sep 27 17:59:30 UTC 2026","861","Web Playwright Java Framework Test Suite","All Example Tests","io.github.mypixelquest.pja.examples.ScreenshotAndReportingTest","io.github.mypixelquest.pja.examples.ScreenshotAndReportingTest","testSuccessfulScreenshot","Successful test with screenshot attachment","Demonstrates screenshot capture on successful test"
"passed","Sun Sep 27 17:59:32 UTC 2026","Sun Sep 27 17:59:32 UTC 2026","349","Web Playwright Java Framework Test Suite","All Example Tests","io.github.mypixelquest.pja.examples.WaitStrategiesTest","io.github.mypixelquest.pja.examples.WaitStrategiesTest","testAutoWaitForVisibility","Demonstrate auto-waiting for element visibility","Shows Playwright's automatic waiting for elements"
